dt,n
2023-07-14T13:09:28,0
2023-08-18T18:38:30,1
2023-08-18T18:43:29,4
2023-08-18T18:48:27,5
2023-08-18T18:53:26,4
2023-08-18T18:58:25,0
2023-08-18T19:03:24,5
2023-08-18T19:08:23,7
2023-08-18T19:13:21,1
2023-08-18T19:18:20,6
2023-08-18T19:23:19,4
2023-08-18T19:28:18,3
2023-08-18T19:33:17,8
2023-08-18T19:38:15,4
2023-08-18T19:43:14,2
2023-08-18T19:48:13,7
2023-08-18T19:53:12,9
2023-08-18T19:58:10,10
2023-08-18T20:03:09,12
2023-08-18T20:08:08,16
2023-08-18T20:13:07,6
2023-08-18T20:18:06,7
2023-08-18T20:23:04,12
2023-08-18T20:28:03,17
2023-08-18T20:33:02,19
2023-08-18T20:38:01,17
2023-08-18T20:43:00,13
2023-08-18T20:47:58,20
2023-08-18T20:52:57,13
2023-08-18T20:57:56,26
2023-08-18T21:02:55,26
2023-08-18T21:07:53,22
2023-08-18T21:12:52,2
2023-08-18T21:17:51,23
2023-08-18T21:22:50,14
2023-08-18T21:27:49,36
2023-08-19T18:37:54,8
2023-08-19T18:42:53,9
2023-08-19T18:47:52,17
2023-08-19T18:52:51,5
2023-08-19T18:57:49,17
2023-08-19T19:02:48,5
2023-08-19T19:07:47,1
2023-08-19T19:12:46,1
2023-08-19T19:17:45,1
2023-08-19T19:22:43,7
2023-08-19T19:27:42,6
2023-08-19T19:32:41,8
2023-08-19T19:37:40,8
2023-08-19T19:42:39,2
2023-08-19T19:47:38,0
2023-08-19T19:52:36,0
2023-08-19T19:57:35,2
2023-08-19T20:02:34,1
2023-08-19T20:07:33,0
2023-08-19T20:12:32,0
2023-08-19T20:17:30,3
2023-08-19T20:22:29,0
2023-08-19T20:27:28,2
2023-08-19T20:32:27,2
2023-08-19T20:37:26,2
2023-08-19T20:42:24,1
2023-08-19T20:47:23,1
2023-08-19T20:52:22,2
2023-08-19T20:57:21,2
2023-08-19T21:02:20,2
2023-08-19T21:07:18,2
2023-08-19T21:12:17,5
2023-08-19T21:17:16,2
2023-08-19T21:22:15,0
2023-08-19T21:27:14,6
2023-08-20T18:37:53,88
2023-08-20T18:42:52,56
2023-08-20T18:47:50,21
2023-08-20T18:52:49,43
2023-08-20T18:57:48,90
2023-08-20T19:02:47,34
2023-08-20T19:07:46,15
2023-08-20T19:12:44,28
2023-08-20T19:17:43,75
2023-08-20T19:22:42,7
2023-08-20T19:27:41,79
2023-08-20T19:32:39,88
2023-08-20T19:37:38,122
2023-08-20T19:42:37,81
2023-08-20T19:47:36,17
2023-08-20T19:52:35,44
2023-08-20T19:57:33,24
2023-08-20T20:02:32,100
2023-08-20T20:07:31,68
2023-08-20T20:12:30,53
2023-08-20T20:17:29,88
2023-08-20T20:22:27,14
2023-08-20T20:27:26,0
2023-08-20T20:32:25,15
2023-08-20T20:37:24,44
2023-08-20T20:42:22,62
2023-08-20T20:47:21,58
2023-08-20T20:52:20,83
2023-08-20T20:57:19,42
2023-08-20T21:02:18,79
2023-08-20T21:07:16,64
2023-08-20T21:12:15,27
2023-08-20T21:17:14,49
2023-08-20T21:22:13,34
2023-08-20T21:27:12,4
2023-08-21T18:38:14,0
2023-08-21T18:43:13,1
2023-08-21T18:48:12,0
2023-08-21T18:53:10,1
2023-08-21T18:58:09,0
2023-08-21T19:03:08,0
2023-08-21T19:08:07,0
2023-08-21T19:13:06,0
2023-08-21T19:18:04,0
2023-08-21T19:23:03,0
2023-08-21T19:28:02,0
2023-08-21T19:33:01,0
2023-08-21T19:37:59,2
2023-08-21T19:42:58,0
2023-08-21T19:47:57,0
2023-08-21T19:52:56,0
2023-08-21T19:57:55,0
2023-08-21T20:02:53,0
2023-08-21T20:07:52,0
2023-08-21T20:12:51,0
2023-08-21T20:17:50,0
2023-08-21T20:22:48,0
2023-08-21T20:27:47,0
2023-08-21T20:32:46,0
2023-08-21T20:37:45,0
2023-08-21T20:42:44,0
2023-08-21T20:47:42,0
2023-08-21T20:52:41,0
2023-08-21T20:57:40,0
2023-08-21T21:02:39,0
2023-08-21T21:07:38,0
2023-08-21T21:12:36,0
2023-08-21T21:17:35,0
2023-08-21T21:22:34,0
2023-08-21T21:27:33,0
2023-08-22T18:38:34,0
2023-08-22T18:43:33,0
2023-08-22T18:48:31,0
2023-08-22T18:53:30,0
2023-08-22T18:58:29,0
2023-08-22T19:03:28,0
2023-08-22T19:08:26,0
2023-08-22T19:13:25,0
2023-08-22T19:18:24,0
2023-08-22T19:23:23,0
2023-08-22T19:28:22,0
2023-08-22T19:33:20,0
2023-08-22T19:38:19,0
2023-08-22T19:43:18,0
2023-08-22T19:48:17,0
2023-08-22T19:53:16,0
2023-08-22T19:58:14,0
2023-08-22T20:03:13,0
2023-08-22T20:08:12,0
2023-08-22T20:13:11,0
2023-08-22T20:18:10,0
2023-08-22T20:23:08,0
2023-08-22T20:28:07,0
2023-08-22T20:33:06,0
2023-08-22T20:38:05,0
2023-08-22T20:43:03,0
2023-08-22T20:48:02,0
2023-08-22T20:53:01,0
2023-08-22T20:58:00,0
2023-08-22T21:02:59,0
2023-08-22T21:07:57,0
2023-08-22T21:12:56,0
2023-08-22T21:17:55,0
2023-08-22T21:22:54,0
2023-08-22T21:27:53,0
2023-08-23T18:37:54,0
2023-08-23T18:42:52,0
2023-08-23T18:47:51,0
2023-08-23T18:52:50,0
2023-08-23T18:57:49,0
2023-08-23T19:02:48,0
2023-08-23T19:07:46,0
2023-08-23T19:12:45,0
2023-08-23T19:17:44,0
2023-08-23T19:22:43,0
2023-08-23T19:27:41,0
2023-08-23T19:32:40,0
2023-08-23T19:37:39,0
2023-08-23T19:42:38,0
2023-08-23T19:47:37,0
2023-08-23T19:52:35,0
2023-08-23T19:57:34,0
2023-08-23T20:02:33,0
2023-08-23T20:07:32,0
2023-08-23T20:12:30,0
2023-08-23T20:17:29,0
2023-08-23T20:22:28,0
2023-08-23T20:27:27,0
2023-08-23T20:32:26,0
2023-08-23T20:37:24,0
2023-08-23T20:42:23,0
2023-08-23T20:47:22,0
2023-08-23T20:52:21,0
2023-08-23T20:57:20,0
2023-08-23T21:02:18,0
2023-08-23T21:07:17,0
2023-08-23T21:12:16,0
2023-08-23T21:17:15,0
2023-08-23T21:22:14,0
2023-08-23T21:27:12,0
2023-08-24T18:37:57,0
2023-08-24T18:42:56,0
2023-08-24T18:47:55,0
2023-08-24T18:52:53,0
2023-08-24T18:57:52,0
2023-08-24T19:02:51,0
2023-08-24T19:07:50,0
2023-08-24T19:12:48,0
2023-08-24T19:17:47,0
2023-08-24T19:22:46,0
2023-08-24T19:27:45,0
2023-08-24T19:32:44,0
2023-08-24T19:37:42,0
2023-08-24T19:42:41,0
2023-08-24T19:47:40,0
2023-08-24T19:52:39,0
2023-08-24T19:57:38,0
2023-08-24T20:02:36,0
2023-08-24T20:07:35,0
2023-08-24T20:12:34,0
2023-08-24T20:17:33,0
2023-08-24T20:22:32,0
2023-08-24T20:27:30,0
2023-08-24T20:32:29,0
2023-08-24T20:37:28,0
2023-08-24T20:42:27,0
2023-08-24T20:47:25,0
2023-08-24T20:52:24,0
2023-08-24T20:57:23,0
2023-08-24T21:02:22,0
2023-08-24T21:07:21,0
2023-08-24T21:12:19,0
2023-08-24T21:17:18,0
2023-08-24T21:22:17,0
2023-08-24T21:27:16,0
2023-08-25T18:38:16,0
2023-08-25T18:43:15,0
2023-08-25T18:48:14,0
2023-08-25T18:53:12,0
2023-08-25T18:58:11,0
2023-08-25T19:03:10,0
2023-08-25T19:08:09,0
2023-08-25T19:13:08,0
2023-08-25T19:18:06,0
2023-08-25T19:23:05,0
2023-08-25T19:28:04,0
2023-08-25T19:33:03,0
2023-08-25T19:38:02,0
2023-08-25T19:43:00,0
2023-08-25T19:47:59,0
2023-08-25T19:52:58,0
2023-08-25T19:57:57,0
2023-08-25T20:02:55,0
2023-08-25T20:07:54,0
2023-08-25T20:12:53,0
2023-08-25T20:17:52,0
2023-08-25T20:22:51,0
2023-08-25T20:27:49,0
2023-08-25T20:32:48,0
2023-08-25T20:37:47,0
2023-08-25T20:42:46,0
2023-08-25T20:47:44,0
2023-08-25T20:52:43,0
2023-08-25T20:57:42,0
2023-08-25T21:02:41,0
2023-08-25T21:07:40,0
2023-08-25T21:12:38,0
2023-08-25T21:17:37,0
2023-08-25T21:22:36,0
2023-08-25T21:27:35,0
2023-08-26T18:38:31,0
2023-08-26T18:43:29,0
2023-08-26T18:48:28,0
2023-08-26T18:53:27,0
2023-08-26T18:58:26,0
2023-08-26T19:03:24,0
2023-08-26T19:08:23,0
2023-08-26T19:13:22,0
2023-08-26T19:18:21,0
2023-08-26T19:23:20,0
2023-08-26T19:28:18,0
2023-08-26T19:33:17,0
2023-08-26T19:38:16,0
2023-08-26T19:43:15,0
2023-08-26T19:48:14,0
2023-08-26T19:53:12,0
2023-08-26T19:58:11,0
2023-08-26T20:03:10,0
2023-08-26T20:08:09,0
2023-08-26T20:13:08,0
2023-08-26T20:18:06,0
2023-08-26T20:23:05,10
2023-08-26T20:28:04,7
2023-08-26T20:33:03,4
2023-08-26T20:38:02,1
2023-08-26T20:43:00,0
2023-08-26T20:47:59,0
2023-08-26T20:52:58,0
2023-08-26T20:57:57,0
2023-08-26T21:02:56,0
2023-08-26T21:07:54,0
2023-08-26T21:12:53,0
2023-08-26T21:17:52,0
2023-08-26T21:22:51,0
2023-08-26T21:27:50,0
2023-08-27T18:38:02,0
2023-08-27T18:43:01,0
2023-08-27T18:48:00,0
2023-08-27T18:52:59,0
2023-08-27T18:57:57,0
2023-08-27T19:02:56,0
2023-08-27T19:07:55,0
2023-08-27T19:12:54,0
2023-08-27T19:17:52,0
2023-08-27T19:22:51,0
2023-08-27T19:27:50,0
2023-08-27T19:32:49,0
2023-08-27T19:37:48,0
2023-08-27T19:42:46,0
2023-08-27T19:47:45,0
2023-08-27T19:52:44,0
2023-08-27T19:57:43,0
2023-08-27T20:02:42,0
2023-08-27T20:07:40,0
2023-08-27T20:12:39,0
2023-08-27T20:17:38,0
2023-08-27T20:22:37,0
2023-08-27T20:27:36,0
2023-08-27T20:32:34,0
2023-08-27T20:37:33,0
2023-08-27T20:42:32,0
2023-08-27T20:47:31,0
2023-08-27T20:52:29,0
2023-08-27T20:57:28,0
2023-08-27T21:02:27,0
2023-08-27T21:07:26,0
2023-08-27T21:12:25,0
2023-08-27T21:17:23,0
2023-08-27T21:22:22,0
2023-08-27T21:27:21,0
2023-08-28T18:38:01,0
2023-08-28T18:43:00,0
2023-08-28T18:47:58,0
2023-08-28T18:52:57,0
2023-08-28T18:57:56,0
2023-08-28T19:02:55,0
2023-08-28T19:07:53,0
2023-08-28T19:12:52,0
2023-08-28T19:17:51,0
2023-08-28T19:22:50,0
2023-08-28T19:27:49,0
2023-08-28T19:32:47,0
2023-08-28T19:37:46,0
2023-08-28T19:42:45,0
2023-08-28T19:47:44,0
2023-08-28T19:52:42,0
2023-08-28T19:57:41,0
2023-08-28T20:02:40,0
2023-08-28T20:07:39,0
2023-08-28T20:12:38,0
2023-08-28T20:17:36,0
2023-08-28T20:22:35,0
2023-08-28T20:27:34,0
2023-08-28T20:32:33,0
2023-08-28T20:37:32,0
2023-08-28T20:42:30,0
2023-08-28T20:47:29,0
2023-08-28T20:52:28,0
2023-08-28T20:57:27,0
2023-08-28T21:02:26,0
2023-08-28T21:07:24,0
2023-08-28T21:12:23,0
2023-08-28T21:17:22,0
2023-08-28T21:22:21,0
2023-08-28T21:27:19,0
2023-08-29T18:38:24,0
2023-08-29T18:43:23,0
2023-08-29T18:48:22,0
2023-08-29T18:53:20,0
2023-08-29T18:58:19,0
2023-08-29T19:03:18,0
2023-08-29T19:08:17,0
2023-08-29T19:13:16,0
2023-08-29T19:18:14,0
2023-08-29T19:23:13,0
2023-08-29T19:28:12,0
2023-08-29T19:33:11,0
2023-08-29T19:38:09,0
2023-08-29T19:43:08,0
2023-08-29T19:48:07,0
2023-08-29T19:53:06,0
2023-08-29T19:58:05,0
2023-08-29T20:03:03,0
2023-08-29T20:08:02,0
2023-08-29T20:13:01,0
2023-08-29T20:18:00,0
2023-08-29T20:22:59,0
2023-08-29T20:27:57,0
2023-08-29T20:32:56,0
2023-08-29T20:37:55,0
2023-08-29T20:42:54,0
2023-08-29T20:47:52,0
2023-08-29T20:52:51,0
2023-08-29T20:57:50,0
2023-08-29T21:02:49,0
2023-08-29T21:07:48,0
2023-08-29T21:12:46,0
2023-08-29T21:17:45,0
2023-08-29T21:22:44,0
2023-08-29T21:27:43,0
2023-08-30T18:38:33,0
2023-08-30T18:43:32,0
2023-08-30T18:48:30,0
2023-08-30T18:53:29,0
2023-08-30T18:58:28,0
2023-08-30T19:03:27,0
2023-08-30T19:08:26,0
2023-08-30T19:13:24,0
2023-08-30T19:18:23,0
2023-08-30T19:23:22,0
2023-08-30T19:28:21,0
2023-08-30T19:33:20,0
2023-08-30T19:38:18,0
2023-08-30T19:43:17,0
2023-08-30T19:48:16,0
2023-08-30T19:53:15,0
2023-08-30T19:58:13,0
2023-08-30T20:03:12,0
2023-08-30T20:08:11,0
2023-08-30T20:13:10,0
2023-08-30T20:18:09,0
2023-08-30T20:23:07,0
2023-08-30T20:28:06,0
2023-08-30T20:33:05,0
2023-08-30T20:38:04,0
2023-08-30T20:43:03,0
2023-08-30T20:48:01,0
2023-08-30T20:53:00,0
2023-08-30T20:57:59,0
2023-08-30T21:02:58,0
2023-08-30T21:07:57,0
2023-08-30T21:12:55,0
2023-08-30T21:17:54,0
2023-08-30T21:22:53,0
2023-08-30T21:27:52,0
2023-08-31T18:37:55,0
2023-08-31T18:42:53,0
2023-08-31T18:47:52,0
2023-08-31T18:52:51,0
2023-08-31T18:57:50,0
2023-08-31T19:02:48,0
2023-08-31T19:07:47,0
2023-08-31T19:12:46,0
2023-08-31T19:17:45,0
2023-08-31T19:22:44,0
2023-08-31T19:27:42,0
2023-08-31T19:32:41,0
2023-08-31T19:37:40,0
2023-08-31T19:42:39,0
2023-08-31T19:47:38,0
2023-08-31T19:52:36,0
2023-08-31T19:57:35,0
2023-08-31T20:02:34,0
2023-08-31T20:07:33,0
2023-08-31T20:12:32,0
2023-08-31T20:17:30,0
2023-08-31T20:22:29,0
2023-08-31T20:27:28,0
2023-08-31T20:32:27,0
2023-08-31T20:37:26,0
2023-08-31T20:42:24,0
2023-08-31T20:47:23,0
2023-08-31T20:52:22,0
2023-08-31T20:57:21,0
2023-08-31T21:02:19,0
2023-08-31T21:07:18,0
2023-08-31T21:12:17,0
2023-08-31T21:17:16,0
2023-08-31T21:22:15,0
2023-08-31T21:27:13,0
2023-09-01T18:37:49,0
2023-09-01T18:42:48,0
2023-09-01T18:47:47,0
2023-09-01T18:52:46,0
2023-09-01T18:57:44,0
2023-09-01T19:02:43,0
2023-09-01T19:07:42,0
2023-09-01T19:12:41,0
2023-09-01T19:17:39,0
2023-09-01T19:22:38,0
2023-09-01T19:27:37,0
2023-09-01T19:32:36,0
2023-09-01T19:37:35,0
2023-09-01T19:42:33,0
2023-09-01T19:47:32,0
2023-09-01T19:52:31,0
2023-09-01T19:57:30,0
2023-09-01T20:02:28,0
2023-09-01T20:07:27,0
2023-09-01T20:12:26,0
2023-09-01T20:17:25,0
2023-09-01T20:22:24,0
2023-09-01T20:27:22,0
2023-09-01T20:32:21,0
2023-09-01T20:37:20,0
2023-09-01T20:42:19,0
2023-09-01T20:47:18,0
2023-09-01T20:52:16,0
2023-09-01T20:57:15,0
2023-09-01T21:02:14,0
2023-09-01T21:07:13,0
2023-09-01T21:12:11,0
2023-09-01T21:17:10,0
2023-09-01T21:22:09,0
2023-09-01T21:27:08,0
2023-09-02T18:38:15,0
2023-09-02T18:43:14,0
2023-09-02T18:48:12,0
2023-09-02T18:53:11,0
2023-09-02T18:58:10,0
2023-09-02T19:03:09,0
2023-09-02T19:08:07,0
2023-09-02T19:13:06,0
2023-09-02T19:18:05,0
2023-09-02T19:23:04,0
2023-09-02T19:28:03,0
2023-09-02T19:33:01,0
2023-09-02T19:38:00,0
2023-09-02T19:42:59,0
2023-09-02T19:47:58,0
2023-09-02T19:52:56,0
2023-09-02T19:57:55,0
2023-09-02T20:02:54,0
2023-09-02T20:07:53,0
2023-09-02T20:12:52,0
2023-09-02T20:17:50,0
2023-09-02T20:22:49,0
2023-09-02T20:27:48,0
2023-09-02T20:32:47,0
2023-09-02T20:37:46,0
2023-09-02T20:42:44,0
2023-09-02T20:47:43,0
2023-09-02T20:52:42,0
2023-09-02T20:57:41,0
2023-09-02T21:02:40,0
2023-09-02T21:07:38,0
2023-09-02T21:12:37,0
2023-09-02T21:17:36,0
2023-09-02T21:22:35,0
2023-09-02T21:27:33,0
2023-09-03T18:38:35,0
2023-09-03T18:43:34,0
2023-09-03T18:48:33,0
2023-09-03T18:53:32,0
2023-09-03T18:58:30,0
2023-09-03T19:03:29,0
2023-09-03T19:08:28,0
2023-09-03T19:13:27,0
2023-09-03T19:18:26,0
2023-09-03T19:23:24,0
2023-09-03T19:28:23,0
2023-09-03T19:33:22,0
2023-09-03T19:38:21,0
2023-09-03T19:43:19,0
2023-09-03T19:48:18,0
2023-09-03T19:53:17,0
2023-09-03T19:58:16,0
2023-09-03T20:03:15,0
2023-09-03T20:08:13,0
2023-09-03T20:13:12,0
2023-09-03T20:18:11,0
2023-09-03T20:23:10,0
2023-09-03T20:28:08,0
2023-09-03T20:33:07,0
2023-09-03T20:38:06,0
2023-09-03T20:43:05,0
2023-09-03T20:48:04,0
2023-09-03T20:53:02,0
2023-09-03T20:58:01,0
2023-09-03T21:03:00,0
2023-09-03T21:07:59,0
2023-09-03T21:12:58,0
2023-09-03T21:17:56,0
2023-09-03T21:22:55,0
2023-09-03T21:27:54,0
2023-09-04T18:37:56,0
2023-09-04T18:42:55,0
2023-09-04T18:47:54,0
2023-09-04T18:52:52,0
2023-09-04T18:57:51,0
2023-09-04T19:02:50,0
2023-09-04T19:07:49,0
2023-09-04T19:12:48,0
2023-09-04T19:17:46,0
2023-09-04T19:22:45,0
2023-09-04T19:27:44,0
2023-09-04T19:32:43,0
2023-09-04T19:37:42,0
2023-09-04T19:42:40,0
2023-09-04T19:47:39,0
2023-09-04T19:52:38,0
2023-09-04T19:57:37,0
2023-09-04T20:02:36,0
2023-09-04T20:07:34,0
2023-09-04T20:12:33,0
2023-09-04T20:17:32,0
2023-09-04T20:22:31,0
2023-09-04T20:27:29,0
2023-09-04T20:32:28,0
2023-09-04T20:37:27,0
2023-09-04T20:42:26,0
2023-09-04T20:47:25,0
2023-09-04T20:52:23,0
2023-09-04T20:57:22,0
2023-09-04T21:02:21,0
2023-09-04T21:07:20,0
2023-09-04T21:12:19,0
2023-09-04T21:17:17,0
2023-09-04T21:22:16,0
2023-09-04T21:27:15,0
2023-09-05T18:37:59,0
2023-09-05T18:42:58,0
2023-09-05T18:47:57,0
2023-09-05T18:52:55,0
2023-09-05T18:57:54,2
2023-09-05T19:02:53,0
2023-09-05T19:07:52,0
2023-09-05T19:12:51,0
2023-09-05T19:17:49,0
2023-09-05T19:22:48,0
2023-09-05T19:27:47,0
2023-09-05T19:32:46,0
2023-09-05T19:37:44,0
2023-09-05T19:42:43,0
2023-09-05T19:47:42,0
2023-09-05T19:52:41,0
2023-09-05T19:57:40,0
2023-09-05T20:02:38,0
2023-09-05T20:07:37,0
2023-09-05T20:12:36,0
2023-09-05T20:17:35,0
2023-09-05T20:22:33,0
2023-09-05T20:27:32,0
2023-09-05T20:32:31,0
2023-09-05T20:37:30,0
2023-09-05T20:42:29,0
2023-09-05T20:47:27,0
2023-09-05T20:52:26,0
2023-09-05T20:57:25,0
2023-09-05T21:02:24,0
2023-09-05T21:07:22,0
2023-09-05T21:12:21,0
2023-09-05T21:17:20,0
2023-09-05T21:22:19,0
2023-09-05T21:27:18,0
2023-09-06T18:38:17,0
2023-09-06T18:43:16,0
2023-09-06T18:48:14,5
2023-09-06T18:53:13,0
2023-09-06T18:58:12,0
2023-09-06T19:03:11,0
2023-09-06T19:08:09,0
2023-09-06T19:13:08,0
2023-09-06T19:18:07,0
2023-09-06T19:23:06,0
2023-09-06T19:28:04,0
2023-09-06T19:33:03,0
2023-09-06T19:38:02,0
2023-09-06T19:43:01,0
2023-09-06T19:48:00,0
2023-09-06T19:52:58,0
2023-09-06T19:57:57,0
2023-09-06T20:02:56,0
2023-09-06T20:07:55,0
2023-09-06T20:12:54,0
2023-09-06T20:17:52,1
2023-09-06T20:22:51,1
2023-09-06T20:27:50,0
2023-09-06T20:32:49,0
2023-09-06T20:37:48,0
2023-09-06T20:42:46,0
2023-09-06T20:47:45,0
2023-09-06T20:52:44,0
2023-09-06T20:57:43,0
2023-09-06T21:02:41,0
2023-09-06T21:07:40,0
2023-09-06T21:12:39,0
2023-09-06T21:17:38,0
2023-09-06T21:22:37,0
2023-09-06T21:27:35,0
2023-09-07T18:38:32,0
2023-09-07T18:43:31,0
2023-09-07T18:48:30,0
2023-09-07T18:53:28,0
2023-09-07T18:58:27,0
2023-09-07T19:03:26,0
2023-09-07T19:08:25,0
2023-09-07T19:13:24,0
2023-09-07T19:18:22,0
2023-09-07T19:23:21,0
2023-09-07T19:28:20,1
2023-09-07T19:33:19,1
2023-09-07T19:38:18,0
2023-09-07T19:43:16,0
2023-09-07T19:48:15,0
2023-09-07T19:53:14,0
2023-09-07T19:58:13,0
2023-09-07T20:03:11,0
2023-09-07T20:08:10,0
2023-09-07T20:13:09,0
2023-09-07T20:18:08,0
2023-09-07T20:23:07,0
2023-09-07T20:28:05,0
2023-09-07T20:33:04,0
2023-09-07T20:38:03,0
2023-09-07T20:43:02,0
2023-09-07T20:48:00,0
2023-09-07T20:52:59,0
2023-09-07T20:57:58,0
2023-09-07T21:02:57,0
2023-09-07T21:07:56,0
2023-09-07T21:12:54,0
2023-09-07T21:17:53,0
2023-09-07T21:22:52,0
2023-09-07T21:27:51,0
2023-09-08T09:25:02,0
2023-09-08T09:30:01,0
2023-09-08T09:34:59,0
2023-09-08T09:39:58,0
2023-09-08T09:44:57,0
2023-09-08T09:49:56,0
2023-09-08T09:54:54,0
2023-09-08T09:59:53,0
2023-09-08T10:04:52,0
2023-09-08T10:09:51,0
2023-09-08T10:14:50,0
2023-09-08T10:19:48,0
2023-09-08T10:24:47,0
2023-09-08T10:29:46,0
2023-09-08T10:34:45,0
2023-09-08T10:39:44,0
2023-09-08T10:44:42,0
2023-09-08T10:49:41,0
2023-09-08T10:54:40,0
2023-09-08T10:59:39,0
2023-09-08T11:04:37,0
2023-09-08T11:09:36,0
2023-09-08T11:14:35,0
2023-09-08T11:19:34,0
2023-09-08T11:24:33,0
2023-09-08T11:29:31,0
2023-09-08T11:34:30,0
2023-09-08T11:39:29,0
2023-09-08T11:44:28,0
2023-09-08T11:49:26,0
2023-09-08T11:54:25,0
2023-09-08T11:59:24,1
2023-09-08T12:04:23,0
2023-09-08T12:09:22,0
2023-09-08T12:14:20,0
2023-09-08T12:19:19,0
2023-09-08T12:24:18,1
2023-09-08T12:29:17,0
2023-09-08T12:34:16,0
2023-09-08T12:39:14,0
2023-09-08T12:44:13,0
2023-09-08T12:49:12,0
2023-09-08T12:54:11,0
2023-09-08T12:59:09,0
2023-09-08T13:04:08,0
2023-09-08T13:09:07,0
2023-09-08T13:14:06,0
2023-09-08T13:19:05,0
2023-09-08T13:24:03,0
2023-09-08T13:29:02,0
2023-09-08T13:34:01,0
2023-09-08T13:39:00,0
2023-09-08T13:43:58,0
2023-09-08T13:48:57,1
2023-09-08T13:53:56,0
2023-09-08T13:58:55,0
2023-09-08T14:03:54,0
2023-09-08T14:08:52,0
2023-09-08T14:13:51,0
2023-09-08T14:18:50,0
2023-09-08T14:23:49,0
2023-09-08T14:28:48,0
2023-09-08T14:33:46,0
2023-09-08T14:38:45,0
2023-09-08T14:43:44,0
2023-09-08T14:48:43,0
2023-09-08T14:53:41,0
2023-09-08T14:58:40,0
2023-09-08T15:03:39,0
2023-09-08T15:08:38,0
2023-09-08T15:13:37,0
2023-09-08T15:18:35,0
2023-09-08T15:23:34,0
2023-09-08T15:28:33,0
2023-09-08T15:33:32,0
2023-09-08T15:38:30,0
2023-09-08T15:43:29,0
2023-09-08T15:48:28,0
2023-09-08T15:53:27,0
2023-09-08T15:58:26,0
2023-09-08T16:03:24,0
2023-09-08T16:08:23,0
2023-09-08T16:13:22,0
2023-09-08T16:18:21,0
2023-09-08T16:23:20,0
2023-09-08T16:28:18,0
2023-09-08T16:33:17,0
2023-09-08T16:38:16,0
2023-09-08T16:43:15,0
2023-09-08T16:48:13,0
2023-09-08T16:53:12,0
2023-09-08T16:58:11,0
2023-09-08T17:03:10,0
2023-09-08T17:08:09,0
2023-09-08T17:13:07,0
2023-09-08T17:18:06,0
2023-09-08T17:23:05,0
2023-09-08T17:28:04,0
2023-09-08T17:33:02,0
2023-09-08T17:38:01,0
2023-09-08T17:43:00,0
2023-09-08T17:47:59,0
2023-09-08T17:52:58,0
2023-09-08T17:57:56,0
2023-09-08T18:02:55,0
2023-09-08T18:07:54,0
2023-09-08T18:12:53,0
2023-09-08T18:17:52,0
2023-09-08T18:22:50,0
2023-09-08T18:27:49,0
2023-09-08T18:32:48,0
2023-09-08T18:37:47,0
2023-09-08T18:42:45,0
2023-09-08T18:47:44,0
2023-09-08T18:52:43,0
2023-09-08T18:57:42,0
2023-09-08T19:02:41,0
2023-09-08T19:07:39,0
2023-09-08T19:12:38,0
2023-09-08T19:17:37,0
2023-09-08T19:22:36,0
2023-09-08T19:27:35,0
2023-09-08T19:32:33,0
2023-09-08T19:37:32,0
2023-09-08T19:42:31,0
2023-09-08T19:47:30,0
2023-09-08T19:52:28,0
2023-09-08T19:57:27,0
2023-09-08T20:02:26,0
2023-09-08T20:07:25,0
2023-09-08T20:12:24,0
2023-09-08T20:17:22,0
2023-09-08T20:22:21,0
2023-09-08T20:27:20,0
2023-09-08T20:32:19,0
2023-09-08T20:37:18,0
2023-09-08T20:42:16,0
2023-09-08T20:47:15,0
2023-09-08T20:52:14,0
2023-09-08T20:57:13,0
2023-09-08T21:02:11,0
2023-09-08T21:07:10,0
2023-09-08T21:12:09,0
2023-09-08T21:17:08,0
2023-09-08T21:22:07,0
2023-09-08T21:27:05,0
2023-09-09T18:37:51,0
2023-09-09T18:42:50,0
2023-09-09T18:47:49,0
2023-09-09T18:52:47,0
2023-09-09T18:57:46,0
2023-09-09T19:02:45,0
2023-09-09T19:07:44,0
2023-09-09T19:12:43,0
2023-09-09T19:17:41,0
2023-09-09T19:22:40,0
2023-09-09T19:27:39,0
2023-09-09T19:32:38,0
2023-09-09T19:37:36,0
2023-09-09T19:42:35,0
2023-09-09T19:47:34,0
2023-09-09T19:52:33,0
2023-09-09T19:57:32,0
2023-09-09T20:02:30,0
2023-09-09T20:07:29,0
2023-09-09T20:12:28,0
2023-09-09T20:17:27,0
2023-09-09T20:22:26,0
2023-09-09T20:27:24,0
2023-09-09T20:32:23,0
2023-09-09T20:37:22,0
2023-09-09T20:42:21,0
2023-09-09T20:47:19,0
2023-09-09T20:52:18,0
2023-09-09T20:57:17,0
2023-09-09T21:02:16,0
2023-09-09T21:07:15,0
2023-09-09T21:12:13,0
2023-09-09T21:17:12,0
2023-09-09T21:22:11,0
2023-09-09T21:27:10,0
2023-09-10T18:38:22,0
2023-09-10T18:43:21,0
2023-09-10T18:48:20,0
2023-09-10T18:53:19,0
2023-09-10T18:58:17,0
2023-09-10T19:03:16,0
2023-09-10T19:08:15,0
2023-09-10T19:13:14,0
2023-09-10T19:18:13,0
2023-09-10T19:23:11,0
2023-09-10T19:28:10,0
2023-09-10T19:33:09,0
2023-09-10T19:38:08,0
2023-09-10T19:43:07,0
2023-09-10T19:48:05,0
2023-09-10T19:53:04,0
2023-09-10T19:58:03,0
2023-09-10T20:03:02,0
2023-09-10T20:08:00,0
2023-09-10T20:12:59,0
2023-09-10T20:17:58,0
2023-09-10T20:22:57,0
2023-09-10T20:27:56,0
2023-09-10T20:32:54,0
2023-09-10T20:37:53,0
2023-09-10T20:42:52,0
2023-09-10T20:47:51,0
2023-09-10T20:52:50,0
2023-09-10T20:57:48,0
2023-09-10T21:02:47,0
2023-09-10T21:07:46,0
2023-09-10T21:12:45,0
2023-09-10T21:17:44,0
2023-09-10T21:22:42,0
2023-09-10T21:27:41,0
2023-09-11T18:38:31,0
2023-09-11T18:43:30,0
2023-09-11T18:48:28,0
2023-09-11T18:53:27,0
2023-09-11T18:58:26,0
2023-09-11T19:03:25,0
2023-09-11T19:08:23,0
2023-09-11T19:13:22,0
2023-09-11T19:18:21,0
2023-09-11T19:23:20,0
2023-09-11T19:28:19,0
2023-09-11T19:33:17,0
2023-09-11T19:38:16,0
2023-09-11T19:43:15,0
2023-09-11T19:48:14,0
2023-09-11T19:53:13,0
2023-09-11T19:58:11,0
2023-09-11T20:03:10,0
2023-09-11T20:08:09,0
2023-09-11T20:13:08,0
2023-09-11T20:18:06,0
2023-09-11T20:23:05,0
2023-09-11T20:28:04,0
2023-09-11T20:33:03,0
2023-09-11T20:38:02,0
2023-09-11T20:43:00,0
2023-09-11T20:47:59,0
2023-09-11T20:52:58,0
2023-09-11T20:57:57,0
2023-09-11T21:02:56,0
2023-09-11T21:07:54,0
2023-09-11T21:12:53,0
2023-09-11T21:17:52,0
2023-09-11T21:22:51,0
2023-09-11T21:27:49,0
2023-09-12T18:37:53,0
2023-09-12T18:42:51,0
2023-09-12T18:47:50,0
2023-09-12T18:52:49,0
2023-09-12T18:57:48,0
2023-09-12T19:02:47,0
2023-09-12T19:07:45,0
2023-09-12T19:12:44,0
2023-09-12T19:17:43,0
2023-09-12T19:22:42,0
2023-09-12T19:27:40,0
2023-09-12T19:32:39,0
2023-09-12T19:37:38,0
2023-09-12T19:42:37,0
2023-09-12T19:47:36,0
2023-09-12T19:52:34,0
2023-09-12T19:57:33,0
2023-09-12T20:02:32,0
2023-09-12T20:07:31,0
2023-09-12T20:12:30,0
2023-09-12T20:17:28,0
2023-09-12T20:22:27,0
2023-09-12T20:27:26,0
2023-09-12T20:32:25,0
2023-09-12T20:37:23,0
2023-09-12T20:42:22,0
2023-09-12T20:47:21,1
2023-09-12T20:52:20,0
2023-09-12T20:57:19,0
2023-09-12T21:02:17,0
2023-09-12T21:07:16,0
2023-09-12T21:12:15,0
2023-09-12T21:17:14,0
2023-09-12T21:22:12,0
2023-09-12T21:27:11,0
2023-09-13T18:37:56,0
2023-09-13T18:42:55,0
2023-09-13T18:47:53,0
2023-09-13T18:52:52,0
2023-09-13T18:57:51,0
2023-09-13T19:02:50,0
2023-09-13T19:07:48,0
2023-09-13T19:12:47,0
2023-09-13T19:17:46,0
2023-09-13T19:22:45,0
2023-09-13T19:27:44,0
2023-09-13T19:32:42,0
2023-09-13T19:37:41,0
2023-09-13T19:42:40,0
2023-09-13T19:47:39,0
2023-09-13T19:52:38,0
2023-09-13T19:57:36,0
2023-09-13T20:02:35,0
2023-09-13T20:07:34,0
2023-09-13T20:12:33,0
2023-09-13T20:17:31,0
2023-09-13T20:22:30,0
2023-09-13T20:27:29,0
2023-09-13T20:32:28,0
2023-09-13T20:37:27,0
2023-09-13T20:42:25,0
2023-09-13T20:47:24,0
2023-09-13T20:52:23,0
2023-09-13T20:57:22,0
2023-09-13T21:02:20,0
2023-09-13T21:07:19,0
2023-09-13T21:12:18,0
2023-09-13T21:17:17,0
2023-09-13T21:22:16,0
2023-09-13T21:27:14,0
2023-09-14T18:38:20,0
2023-09-14T18:43:19,0
2023-09-14T18:48:18,0
2023-09-14T18:53:17,0
2023-09-14T18:58:15,0
2023-09-14T19:03:14,0
2023-09-14T19:08:13,1
2023-09-14T19:13:12,0
2023-09-14T19:18:11,0
2023-09-14T19:23:09,0
2023-09-14T19:28:08,0
2023-09-14T19:33:07,0
2023-09-14T19:38:06,0
2023-09-14T19:43:04,0
2023-09-14T19:48:03,0
2023-09-14T19:53:02,0
2023-09-14T19:58:01,0
2023-09-14T20:03:00,0
2023-09-14T20:07:58,0
2023-09-14T20:12:57,0
2023-09-14T20:17:56,0
2023-09-14T20:22:55,0
2023-09-14T20:27:54,0
2023-09-14T20:32:52,0
2023-09-14T20:37:51,0
2023-09-14T20:42:50,0
2023-09-14T20:47:49,0
2023-09-14T20:52:48,0
2023-09-14T20:57:46,0
2023-09-14T21:02:45,0
2023-09-14T21:07:44,0
2023-09-14T21:12:43,0
2023-09-14T21:17:41,0
2023-09-14T21:22:40,0
2023-09-14T21:27:39,0
2023-09-15T18:38:34,0
2023-09-15T18:43:33,0
2023-09-15T18:48:32,0
2023-09-15T18:53:31,0
2023-09-15T18:58:29,0
2023-09-15T19:03:28,0
2023-09-15T19:08:27,0
2023-09-15T19:13:26,0
2023-09-15T19:18:24,0
2023-09-15T19:23:23,0
2023-09-15T19:28:22,0
2023-09-15T19:33:21,0
2023-09-15T19:38:20,0
2023-09-15T19:43:18,0
2023-09-15T19:48:17,0
2023-09-15T19:53:16,0
2023-09-15T19:58:15,0
2023-09-15T20:03:14,0
2023-09-15T20:08:12,0
2023-09-15T20:13:11,0
2023-09-15T20:18:10,0
2023-09-15T20:23:09,0
2023-09-15T20:28:07,0
2023-09-15T20:33:06,0
2023-09-15T20:38:05,0
2023-09-15T20:43:04,0
2023-09-15T20:48:03,0
2023-09-15T20:53:01,0
2023-09-15T20:58:00,0
2023-09-15T21:02:59,0
2023-09-15T21:07:58,0
2023-09-15T21:12:56,0
2023-09-15T21:17:55,0
2023-09-15T21:22:54,0
2023-09-15T21:27:53,0
2023-09-16T18:37:57,0
2023-09-16T18:42:56,0
2023-09-16T18:47:55,0
2023-09-16T18:52:54,0
2023-09-16T18:57:52,0
2023-09-16T19:02:51,0
2023-09-16T19:07:50,0
2023-09-16T19:12:49,0
2023-09-16T19:17:48,0
2023-09-16T19:22:46,0
2023-09-16T19:27:45,0
2023-09-16T19:32:44,0
2023-09-16T19:37:43,0
2023-09-16T19:42:42,0
2023-09-16T19:47:40,0
2023-09-16T19:52:39,0
2023-09-16T19:57:38,0
2023-09-16T20:02:37,0
2023-09-16T20:07:35,0
2023-09-16T20:12:34,0
2023-09-16T20:17:33,0
2023-09-16T20:22:32,0
2023-09-16T20:27:31,0
2023-09-16T20:32:29,0
2023-09-16T20:37:28,0
2023-09-16T20:42:27,0
2023-09-16T20:47:26,0
2023-09-16T20:52:24,0
2023-09-16T20:57:23,0
2023-09-16T21:02:22,0
2023-09-16T21:07:21,0
2023-09-16T21:12:20,0
2023-09-16T21:17:18,0
2023-09-16T21:22:17,0
2023-09-16T21:27:16,0
2023-09-17T18:37:58,0
2023-09-17T18:42:57,0
2023-09-17T18:47:55,0
2023-09-17T18:52:54,0
2023-09-17T18:57:53,0
2023-09-17T19:02:52,0
2023-09-17T19:07:50,0
2023-09-17T19:12:49,0
2023-09-17T19:17:48,0
2023-09-17T19:22:47,0
2023-09-17T19:27:46,0
2023-09-17T19:32:44,0
2023-09-17T19:37:43,0
2023-09-17T19:42:42,0
2023-09-17T19:47:41,0
2023-09-17T19:52:40,0
2023-09-17T19:57:38,0
2023-09-17T20:02:37,0
2023-09-17T20:07:36,0
2023-09-17T20:12:35,0
2023-09-17T20:17:33,0
2023-09-17T20:22:32,0
2023-09-17T20:27:31,2
2023-09-17T20:32:30,0
2023-09-17T20:37:29,0
2023-09-17T20:42:27,0
2023-09-17T20:47:26,0
2023-09-17T20:52:25,0
2023-09-17T20:57:24,0
2023-09-17T21:02:23,0
2023-09-17T21:07:21,0
2023-09-17T21:12:20,0
2023-09-17T21:17:19,0
2023-09-17T21:22:18,0
2023-09-17T21:27:16,1
2023-09-18T18:38:14,1
2023-09-18T18:43:13,2
2023-09-18T18:48:12,8
2023-09-18T18:53:10,9
2023-09-18T18:58:09,4
2023-09-18T19:03:08,5
2023-09-18T19:08:07,2
2023-09-18T19:13:05,0
2023-09-18T19:18:04,0
2023-09-18T19:23:03,0
2023-09-18T19:28:02,0
2023-09-18T19:33:01,0
2023-09-18T19:37:59,0
2023-09-18T19:42:58,0
2023-09-18T19:47:57,0
2023-09-18T19:52:56,0
2023-09-18T19:57:54,0
2023-09-18T20:02:53,0
2023-09-18T20:07:52,0
2023-09-18T20:12:51,0
2023-09-18T20:17:50,0
2023-09-18T20:22:48,0
2023-09-18T20:27:47,0
2023-09-18T20:32:46,0
2023-09-18T20:37:45,0
2023-09-18T20:42:44,0
2023-09-18T20:47:42,0
2023-09-18T20:52:41,0
2023-09-18T20:57:40,0
2023-09-18T21:02:39,0
2023-09-18T21:07:37,0
2023-09-18T21:12:36,0
2023-09-18T21:17:35,0
2023-09-18T21:22:34,0
2023-09-18T21:27:33,0
2023-09-19T18:38:31,0
2023-09-19T18:43:30,0
2023-09-19T18:48:29,0
2023-09-19T18:53:27,0
2023-09-19T18:58:26,0
2023-09-19T19:03:25,0
2023-09-19T19:08:24,0
2023-09-19T19:13:23,0
2023-09-19T19:18:21,0
2023-09-19T19:23:20,0
2023-09-19T19:28:19,0
2023-09-19T19:33:18,0
2023-09-19T19:38:16,0
2023-09-19T19:43:15,0
2023-09-19T19:48:14,0
2023-09-19T19:53:13,0
2023-09-19T19:58:12,0
2023-09-19T20:03:10,0
2023-09-19T20:08:09,0
2023-09-19T20:13:08,0
2023-09-19T20:18:07,0
2023-09-19T20:23:06,0
2023-09-19T20:28:04,0
2023-09-19T20:33:03,0
2023-09-19T20:38:02,0
2023-09-19T20:43:01,0
2023-09-19T20:47:59,0
2023-09-19T20:52:58,0
2023-09-19T20:57:57,0
2023-09-19T21:02:56,0
2023-09-19T21:07:55,0
2023-09-19T21:12:53,0
2023-09-19T21:17:52,0
2023-09-19T21:22:51,0
2023-09-19T21:27:50,0
2023-09-20T18:37:51,0
2023-09-20T18:42:50,0
2023-09-20T18:47:49,0
2023-09-20T18:52:47,0
2023-09-20T18:57:46,0
2023-09-20T19:02:45,0
2023-09-20T19:07:44,0
2023-09-20T19:12:42,0
2023-09-20T19:17:41,0
2023-09-20T19:22:40,0
2023-09-20T19:27:39,0
2023-09-20T19:32:38,0
2023-09-20T19:37:36,0
2023-09-20T19:42:35,0
2023-09-20T19:47:34,0
2023-09-20T19:52:33,0
2023-09-20T19:57:32,0
2023-09-20T20:02:30,0
2023-09-20T20:07:29,0
2023-09-20T20:12:28,0
2023-09-20T20:17:27,0
2023-09-20T20:22:25,0
2023-09-20T20:27:24,0
2023-09-20T20:32:23,0
2023-09-20T20:37:22,0
2023-09-20T20:42:21,0
2023-09-20T20:47:19,0
2023-09-20T20:52:18,0
2023-09-20T20:57:17,0
2023-09-20T21:02:16,0
2023-09-20T21:07:14,0
2023-09-20T21:12:13,0
2023-09-20T21:17:12,0
2023-09-20T21:22:11,0
2023-09-20T21:27:10,0
2023-09-21T18:37:51,0
2023-09-21T18:42:50,0
2023-09-21T18:47:49,0
2023-09-21T18:52:48,0
2023-09-21T18:57:46,0
2023-09-21T19:02:45,0
2023-09-21T19:07:44,0
2023-09-21T19:12:43,0
2023-09-21T19:17:41,0
2023-09-21T19:22:40,0
2023-09-21T19:27:39,0
2023-09-21T19:32:38,0
2023-09-21T19:37:37,0
2023-09-21T19:42:35,0
2023-09-21T19:47:34,0
2023-09-21T19:52:33,0
2023-09-21T19:57:32,0
2023-09-21T20:02:30,0
2023-09-21T20:07:29,0
2023-09-21T20:12:28,0
2023-09-21T20:17:27,0
2023-09-21T20:22:26,0
2023-09-21T20:27:24,0
2023-09-21T20:32:23,0
2023-09-21T20:37:22,0
2023-09-21T20:42:21,0
2023-09-21T20:47:20,0
2023-09-21T20:52:18,0
2023-09-21T20:57:17,0
2023-09-21T21:02:16,0
2023-09-21T21:07:15,0
2023-09-21T21:12:13,0
2023-09-21T21:17:12,0
2023-09-21T21:22:11,0
2023-09-21T21:27:10,0
2023-09-22T18:38:19,0
2023-09-22T18:43:18,2
2023-09-22T18:48:16,0
2023-09-22T18:53:15,0
2023-09-22T18:58:14,0
2023-09-22T19:03:13,0
2023-09-22T19:08:12,0
2023-09-22T19:13:10,0
2023-09-22T19:18:09,0
2023-09-22T19:23:08,0
2023-09-22T19:28:07,0
2023-09-22T19:33:06,0
2023-09-22T19:38:04,0
2023-09-22T19:43:03,0
2023-09-22T19:48:02,0
2023-09-22T19:53:01,0
2023-09-22T19:57:59,0
2023-09-22T20:02:58,0
2023-09-22T20:07:57,0
2023-09-22T20:12:56,0
2023-09-22T20:17:54,0
2023-09-22T20:22:53,0
2023-09-22T20:27:52,0
2023-09-22T20:32:51,0
2023-09-22T20:37:50,0
2023-09-22T20:42:48,0
2023-09-22T20:47:47,0
2023-09-22T20:52:46,0
2023-09-22T20:57:45,0
2023-09-22T21:02:44,0
2023-09-22T21:07:42,0
2023-09-22T21:12:41,0
2023-09-22T21:17:40,0
2023-09-22T21:22:39,0
2023-09-22T21:27:37,0
2023-09-23T18:38:23,0
2023-09-23T18:43:22,0
2023-09-23T18:48:21,0
2023-09-23T18:53:20,0
2023-09-23T18:58:19,0
2023-09-23T19:03:17,0
2023-09-23T19:08:16,0
2023-09-23T19:13:15,0
2023-09-23T19:18:14,0
2023-09-23T19:23:12,0
2023-09-23T19:28:11,0
2023-09-23T19:33:10,0
2023-09-23T19:38:09,0
2023-09-23T19:43:08,0
2023-09-23T19:48:06,2
2023-09-23T19:53:05,0
2023-09-23T19:58:04,0
2023-09-23T20:03:03,0
2023-09-23T20:08:02,0
2023-09-23T20:13:00,0
2023-09-23T20:17:59,0
2023-09-23T20:22:58,0
2023-09-23T20:27:57,0
2023-09-23T20:32:55,0
2023-09-23T20:37:54,0
2023-09-23T20:42:53,0
2023-09-23T20:47:52,0
2023-09-23T20:52:51,0
2023-09-23T20:57:49,0
2023-09-23T21:02:48,0
2023-09-23T21:07:47,0
2023-09-23T21:12:46,0
2023-09-23T21:17:44,0
2023-09-23T21:22:43,0
2023-09-23T21:27:42,0
2023-09-24T18:37:58,0
2023-09-24T18:42:56,0
2023-09-24T18:47:55,0
2023-09-24T18:52:54,0
2023-09-24T18:57:53,0
2023-09-24T19:02:51,0
2023-09-24T19:07:50,0
2023-09-24T19:12:49,0
2023-09-24T19:17:48,0
2023-09-24T19:22:47,0
2023-09-24T19:27:45,0
2023-09-24T19:32:44,0
2023-09-24T19:37:43,0
2023-09-24T19:42:42,0
2023-09-24T19:47:40,0
2023-09-24T19:52:39,0
2023-09-24T19:57:38,0
2023-09-24T20:02:37,0
2023-09-24T20:07:36,0
2023-09-24T20:12:34,0
2023-09-24T20:17:33,0
2023-09-24T20:22:32,0
2023-09-24T20:27:31,0
2023-09-24T20:32:30,0
2023-09-24T20:37:28,0
2023-09-24T20:42:27,0
2023-09-24T20:47:26,0
2023-09-24T20:52:25,0
2023-09-24T20:57:23,0
2023-09-24T21:02:22,0
2023-09-24T21:07:21,0
2023-09-24T21:12:20,0
2023-09-24T21:17:19,0
2023-09-24T21:22:17,0
2023-09-24T21:27:16,0
2023-09-25T18:37:58,0
2023-09-25T18:42:57,0
2023-09-25T18:47:56,0
2023-09-25T18:52:54,0
2023-09-25T18:57:53,0
2023-09-25T19:02:52,0
2023-09-25T19:07:51,0
2023-09-25T19:12:50,0
2023-09-25T19:17:48,0
2023-09-25T19:22:47,0
2023-09-25T19:27:46,0
2023-09-25T19:32:45,0
2023-09-25T19:37:44,0
2023-09-25T19:42:42,0
2023-09-25T19:47:41,0
2023-09-25T19:52:40,0
2023-09-25T19:57:39,0
2023-09-25T20:02:38,0
2023-09-25T20:07:36,0
2023-09-25T20:12:35,0
2023-09-25T20:17:34,0
2023-09-25T20:22:33,0
2023-09-25T20:27:31,0
2023-09-25T20:32:30,0
2023-09-25T20:37:29,0
2023-09-25T20:42:28,0
2023-09-25T20:47:27,0
2023-09-25T20:52:25,0
2023-09-25T20:57:24,0
2023-09-25T21:02:23,0
2023-09-25T21:07:22,0
2023-09-25T21:12:20,0
2023-09-25T21:17:19,0
2023-09-25T21:22:18,0
2023-09-25T21:27:17,0
2023-09-26T18:38:18,0
2023-09-26T18:43:17,0
2023-09-26T18:48:16,0
2023-09-26T18:53:14,0
2023-09-26T18:58:13,0
2023-09-26T19:03:12,0
2023-09-26T19:08:11,0
2023-09-26T19:13:10,0
2023-09-26T19:18:08,0
2023-09-26T19:23:07,0
2023-09-26T19:28:06,0
2023-09-26T19:33:05,0
2023-09-26T19:38:03,0
2023-09-26T19:43:02,0
2023-09-26T19:48:01,0
2023-09-26T19:53:00,0
2023-09-26T19:57:59,0
2023-09-26T20:02:57,0
2023-09-26T20:07:56,0
2023-09-26T20:12:55,0
2023-09-26T20:17:54,0
2023-09-26T20:22:53,0
2023-09-26T20:27:51,0
2023-09-26T20:32:50,0
2023-09-26T20:37:49,0
2023-09-26T20:42:48,0
2023-09-26T20:47:46,0
2023-09-26T20:52:45,0
2023-09-26T20:57:44,0
2023-09-26T21:02:43,0
2023-09-26T21:07:42,0
2023-09-26T21:12:40,0
2023-09-26T21:17:39,0
2023-09-26T21:22:38,0
2023-09-26T21:27:37,0
2023-09-27T18:38:28,0
2023-09-27T18:43:27,0
2023-09-27T18:48:25,0
2023-09-27T18:53:24,0
2023-09-27T18:58:23,0
2023-09-27T19:03:22,0
2023-09-27T19:08:20,0
2023-09-27T19:13:19,0
2023-09-27T19:18:18,0
2023-09-27T19:23:17,0
2023-09-27T19:28:16,0
2023-09-27T19:33:14,0
2023-09-27T19:38:13,0
2023-09-27T19:43:12,0
2023-09-27T19:48:11,0
2023-09-27T19:53:10,0
2023-09-27T19:58:08,0
2023-09-27T20:03:07,0
2023-09-27T20:08:06,0
2023-09-27T20:13:05,0
2023-09-27T20:18:03,0
2023-09-27T20:23:02,0
2023-09-27T20:28:01,0
2023-09-27T20:33:00,0
2023-09-27T20:37:59,0
2023-09-27T20:42:57,0
2023-09-27T20:47:56,0
2023-09-27T20:52:55,0
2023-09-27T20:57:54,0
2023-09-27T21:02:52,0
2023-09-27T21:07:51,0
2023-09-27T21:12:50,0
2023-09-27T21:17:49,0
2023-09-27T21:22:48,0
2023-09-27T21:27:46,0
2023-09-28T18:37:49,0
2023-09-28T18:42:48,0
2023-09-28T18:47:47,0
2023-09-28T18:52:45,0
2023-09-28T18:57:44,0
2023-09-28T19:02:43,0
2023-09-28T19:07:42,0
2023-09-28T19:12:41,0
2023-09-28T19:17:39,0
2023-09-28T19:22:38,0
2023-09-28T19:27:37,0
2023-09-28T19:32:36,0
2023-09-28T19:37:34,0
2023-09-28T19:42:33,0
2023-09-28T19:47:32,0
2023-09-28T19:52:31,0
2023-09-28T19:57:30,0
2023-09-28T20:02:28,0
2023-09-28T20:07:27,0
2023-09-28T20:12:26,0
2023-09-28T20:17:25,0
2023-09-28T20:22:24,0
2023-09-28T20:27:22,0
2023-09-28T20:32:21,0
2023-09-28T20:37:20,0
2023-09-28T20:42:19,0
2023-09-28T20:47:18,0
2023-09-28T20:52:16,0
2023-09-28T20:57:15,0
2023-09-28T21:02:14,0
2023-09-28T21:07:13,0
2023-09-28T21:12:11,0
2023-09-28T21:17:10,0
2023-09-28T21:22:09,0
2023-09-28T21:27:08,0
2023-09-29T18:37:56,0
2023-09-29T18:42:54,0
2023-09-29T18:47:53,0
2023-09-29T18:52:52,0
2023-09-29T18:57:51,0
2023-09-29T19:02:50,0
2023-09-29T19:07:48,0
2023-09-29T19:12:47,0
2023-09-29T19:17:46,0
2023-09-29T19:22:45,0
2023-09-29T19:27:44,0
2023-09-29T19:32:42,0
2023-09-29T19:37:41,0
2023-09-29T19:42:40,0
2023-09-29T19:47:39,0
2023-09-29T19:52:37,0
2023-09-29T19:57:36,0
2023-09-29T20:02:35,0
2023-09-29T20:07:34,0
2023-09-29T20:12:33,0
2023-09-29T20:17:31,0
2023-09-29T20:22:30,0
2023-09-29T20:27:29,0
2023-09-29T20:32:28,0
2023-09-29T20:37:27,0
2023-09-29T20:42:25,0
2023-09-29T20:47:24,0
2023-09-29T20:52:23,0
2023-09-29T20:57:22,0
2023-09-29T21:02:20,0
2023-09-29T21:07:19,0
2023-09-29T21:12:18,0
2023-09-29T21:17:17,0
2023-09-29T21:22:16,0
2023-09-29T21:27:14,0
